,0
0,gin
1,martini
2,mix
3,embrace
4,vermouth
5,twist
6,classic
7,simply
8,changes
9,ratio
10,two
11,ingredients
12,enjoy
13,find
14,nice
15,change
16,pace
17,far
18,cry
19,modern
20,custom
21,using
22,virtually
23,use
24,best
25,get
26,cocktail
27,add
28,dash
29,bitters
30,little
31,extra
32,spark
33,likewise
34,many
35,standard
36,options
37,also
38,work
39,instance
40,shake
41,prefer
42,pour
43,vodka
44,might
45,served
46,lemon
47,rather
48,olive
49,long
50,ingredient
51,technically
52,qualifies
53,ounces
54,dry
55,garnish
56,abbey
57,makes
58,excellent
59,brunch
60,sophisticated
61,version
62,orange
63,blossom
64,simple
65,drink
66,make
67,slight
68,kick
69,tailor
70,taste
71,regan
72,perfect
73,combination
74,favorite
75,premium
76,juice
77,fresh
78,always
79,better
80,dashes
81,maraschino
82,cherry
83,absinthe
84,truly
85,found
86,first
87,bartending
88,books
89,including
90,professor
91,jerry
92,thomas
93,recipe
94,adapted
95,minor
96,necessary
97,today
98,bar
99,printing
100,bartenders
101,guide
102,looking
103,old
104,school
105,really
106,shows
107,true
108,flavor
109,need
110,one
111,purest
112,ways
113,notorious
114,anise
115,flavored
116,liquor
117,banned
118,much
119,world
120,good
121,portion
122,th
123,century
124,similar
125,effect
126,traditional
127,method
128,drinking
129,uses
130,sugar
131,cube
132,spoon
133,interesting
134,time
135,must
136,thought
137,enough
138,doubles
139,distinct
140,reminiscent
141,black
142,licorice
143,adding
144,couple
145,anisette
146,go
147,without
148,saying
149,going
150,try
151,ounce
152,ice
153,water
154,cold
155,angostura
156,accomplice
157,combine
158,fine
159,champagne
160,great
161,strawberries
162,fantastic
163,called
164,stoli
165,elite
166,celebrations
167,especially
168,new
169,year
170,eve
171,parties
172,elegant
173,strawberry
174,comes
175,stolichnaya
176,aka
177,crisp
178,clean
179,russian
180,high
181,end
182,cocktails
183,like
184,glass
185,opposed
186,flute
187,wider
188,allows
189,bubbles
190,swell
191,finishing
192,touch
193,forget
194,rim
195,straining
196,sweetness
197,brut
198,wine
199,creating
200,sweet
201,quite
202,stunning
203,sliced
204,syrup
205,fill
206,superfine
207,sherry
208,adonis
209,aperitif
210,easy
211,remember
212,think
213,instead
214,named
215,broadway
216,musical
217,opened
218,york
219,bijou
220,ran
221,performances
222,starred
223,henry
224,e
225,dixey
226,peppermint
227,schnapps
228,adult
229,hot
230,chocolate
231,appropriately
232,easiest
233,common
234,spike
235,cocoa
236,shot
237,delicious
238,warm
239,gives
240,mint
241,alcohol
242,adds
243,warming
244,qualities
245,bit
246,sweeter
247,topped
248,whipped
249,cream
250,sprinkles
251,treating
252,amazing
253,cup
254,see
255,names
256,kiss
257,cocoanapps
258,snuggler
259,matter
260,call
261,chilly
262,night
263,amount
264,needed
265,shaved
266,whiskey
267,affinity
268,variation
269,manhattan
270,requires
271,scotch
272,choice
273,dinner
274,take
275,completely
276,different
277,character
278,depending
279,well
280,balanced
281,may
282,want
283,blended
284,mellow
285,single
286,malts
287,lowlands
288,highlands
289,speyside
290,whisky
291,alabama
292,slammer
293,short
294,history
295,though
296,highball
297,shooter
298,name
299,hits
300,popular
301,among
302,college
303,crowds
304,particularly
305,university
306,drinks
307,supposedly
308,originated
309,came
310,tall
311,hard
312,tell
313,either
314,way
315,strong
316,correlation
317,crimson
318,tide
319,football
320,team
321,slammers
322,mixed
323,substantially
324,southern
325,comfort
326,popularly
327,soco
328,apricot
329,peachy
330,mixes
331,amaretto
332,sloe
333,admittedly
334,decades
335,ago
336,created
337,mixing
338,even
339,used
340,throwback
341,fun
342,share
343,friends
344,wheel
345,algonquin
346,tropical
347,flair
348,features
349,rye
350,thankfully
351,come
352,back
353,fashion
354,number
355,brands
356,choose
357,whistle
358,pig
359,templeton
360,redemption
361,knob
362,creek
363,recommended
364,would
365,wonderfully
366,famous
367,hotel
368,city
369,although
370,exactly
371,unclear
372,built
373,known
374,prohibition
375,whether
376,debate
377,still
378,pineapple
379,alibi
380,love
381,moscow
382,mule
383,tasty
384,ginger
385,goes
386,slightly
387,vodkas
388,rely
389,create
390,beer
391,flavoring
392,opts
393,scratch
394,brings
395,spicy
396,element
397,made
398,impressive
399,snappy
400,knows
401,quickly
402,become
403,lime
404,splash
405,club
406,soda
407,almost
408,collins
409,however
410,unique
411,gets
412,pass
413,breaking
414,rules
415,colder
416,months
417,ultimate
418,blood
419,fan
420,dark
421,citrus
422,thoroughly
423,snake
424,oil
425,company
426,san
427,diego
428,california
429,co
430,pairs
431,smooth
432,ketel
433,cinnamon
434,finished
435,difficult
436,imagine
437,sip
438,prove
439,references
440,similarities
441,differences
442,essentially
443,replaces
444,customary
445,plain
446,offer
447,inspiration
448,substitutions
449,sparkling
450,stick
451,amarula
452,fruity
453,creamy
454,serve
455,dessert
456,mood
457,setting
458,romantic
459,occasions
460,south
461,african
462,liqueur
463,fruit
464,marula
465,tree
466,people
467,compare
468,irish
469,delight
470,part
471,overly
472,nicely
473,flavors
474,lychee
475,grapefruit
476,ruby
477,red
478,american
479,often
480,order
481,tom
482,bombay
483,sapphire
484,anyway
485,idea
486,case
487,bing
488,cherries
489,blueberries
490,tiny
491,fruits
492,difference
493,zing
494,pairing
495,aromatic
496,another
497,berry
498,appearance
499,yet
500,patriotic
501,theraspberries
502,white
503,pitted
504,rum
505,dream
506,cute
507,ideal
508,themed
509,occasion
510,fourth
511,july
512,creation
513,bridget
514,albert
515,master
516,mixologist
517,author
518,market
519,mixology
520,pomegranate
521,featuring
522,pama
523,real
524,magic
525,fondant
526,buy
527,cake
528,candy
529,suppliers
530,paste
531,cut
532,miniature
533,stars
534,stuck
535,inside
536,creates
537,star
538,studded
539,presentation
540,blue
541,pom
542,wonderful
543,sour
544,campari
545,americano
546,gentle
547,introduction
548,unusual
549,bitter
550,fascinating
551,rich
552,mentioned
553,james
554,bond
555,novels
556,iconic
557,delightful
558,meal
559,extremely
560,equal
561,parts
562,refreshing
563,palate
564,say
565,everyone
566,profile
567,decidedly
568,line
569,inherent
570,tastes
571,americans
572,give
573,chance
574,train
575,soon
576,slice
577,anejo
578,every
579,bartender
580,know
581,dale
582,degroff
583,tribute
584,cuban
585,early
586,skimp
587,curacao
588,cointreau
589,worthy
590,substitute
591,summer
592,anytime
593,caribbean
594,getting
595,g
596,arnish
597,angel
598,party
599,triple
600,sec
601,pretty
602,pink
603,color
604,hint
605,grenadine
606,surprisingly
607,works
608,together
609,definitely
610,typical
611,spirit
612,botanicals
613,sure
614,overdo
615,throw
616,balance
617,tit
618,example
619,pousse
620,cafe
621,category
622,multi
623,layered
624,beautiful
625,predecessors
626,myriad
627,shots
628,b
629,started
630,offering
631,indulgent
632,seen
633,particular
634,era
635,tip
636,according
637,gary
638,gaz
639,book
640,joy
641,witch
642,whatever
643,likely
644,look
645,mountain
646,right
647,place
648,rate
649,indulgence
650,variations
651,creme
652,de
653,cacao
654,half
655,aperol
656,spritz
657,signature
658,bittersweet
659,italy
660,secret
661,blend
662,herbs
663,roots
664,developed
665,brilliant
666,ever
667,since
668,perfectly
669,food
670,table
671,sometimes
672,ritual
673,certain
674,prosecco
675,italian
676,followed
677,typically
678,left
679,unstirred
680,relying
681,cinzano
682,apple
683,cider
684,average
685,dimensional
686,tasting
687,experience
688,designed
689,drinkers
690,drier
691,super
692,appletinis
693,ultimat
694,ultra
695,provides
696,base
697,velvet
698,falernum
699,essential
700,tiki
701,everything
702,fall
703,pleasant
704,addition
705,home
706,replicate
707,fair
708,job
709,thing
710,missing
711,oat
712,topping
713,could
714,certainly
715,scoop
716,vanilla
717,alongside
718,completes
719,courtesy
720,uv
721,paired
722,spiced
723,revel
724,stoke
725,duo
726,accented
727,maple
728,result
729,sugary
730,making
731,autumn
732,days
733,ground
734,tequila
735,margarita
736,margaritas
737,lot
738,variety
739,recipes
740,frozen
741,rocks
742,pucker
743,brand
744,green
745,helps
746,bring
747,taming
748,tart
749,punch
750,wedge
751,appletini
752,break
753,electric
754,martinis
755,diverse
756,majority
757,feature
758,brandy
759,others
760,greenest
761,added
762,pie
763,set
764,takes
765,spin
766,filled
767,grandma
768,keep
769,satisfied
770,winter
771,everywhere
772,special
773,less
774,puckery
775,fits
776,bill
777,combines
778,comforting
779,reminds
780,homemade
781,pies
782,holidays
783,fond
784,memories
785,family
786,teaspoon
787,styled
788,enjoyable
789,lovers
790,fans
791,syrupy
792,concoction
793,imitates
794,style
795,literally
796,fact
797,kuyper
798,entirely
799,approach
800,delicate
801,relax
802,happy
803,hour
804,sipper
805,casual
806,weekend
807,complement
808,bourbon
809,expect
810,apricots
811,exact
812,fabulous
813,anyone
814,formula
815,quick
816,switch
817,aspects
818,figure
819,explore
820,sunray
821,exotic
822,sangria
823,showcase
824,hennessy
825,cognac
826,offers
827,hints
828,jasmine
829,daffodils
830,flowers
831,flavorings
832,chandon
833,pair
834,beautifully
835,lemons
836,brandied
837,please
838,crowd
839,noticed
840,large
841,sized
842,thirsty
843,ml
844,bottle
845,orchard
846,nectar
847,kern
848,slices
849,thinly
850,halved
851,april
852,rain
853,bright
854,put
855,spring
856,simultaneously
857,uplifting
858,cleanser
859,type
860,dishes
861,peel
862,aura
863,sweetly
864,elegance
865,words
866,properly
867,describe
868,actually
869,begins
870,lovely
871,bols
872,genever
873,bottled
874,us
875,elderflower
876,pine
877,honey
878,egg
879,silky
880,foam
881,spectacular
882,spice
883,approx
884,barspoons
885,pure
886,barspoon
887,pepper
888,cardamom
889,chai
890,swizzle
891,toddy
892,coffee
893,proven
894,years
895,constructed
896,manner
897,shining
898,working
899,brewed
900,tea
901,baileys
902,concept
903,straight
904,forward
905,creamer
906,brown
907,sweetener
908,steaming
909,low
910,proof
911,replacement
912,afternoon
913,masala
914,teaspoons
915,raw
916,japanese
917,seasonal
918,yamazaki
919,house
920,suntory
921,premier
922,makers
923,country
924,burgeoning
925,scene
926,worldwide
927,map
928,specifically
929,flagship
930,range
931,malt
932,aged
933,mixable
934,incredibly
935,leaves
936,packed
937,intriguing
938,pisco
939,porton
940,complex
941,drambuie
942,multifaceted
943,deep
944,soothing
945,suggests
946,imparts
947,herb
948,inviting
949,turn
950,predecessor
951,cooking
952,tonic
953,mine
954,lacks
955,inspired
956,falling
957,adaptation
958,infusion
959,season
960,pear
961,week
962,notice
963,last
964,day
965,infused
966,impart
967,overpower
968,construct
969,sweeten
970,easily
971,skip
972,aviation
973,rocky
974,past
975,possible
976,purple
977,colored
978,doubt
979,violette
980,floral
981,fashioned
982,violets
983,refined
984,problem
985,key
986,somewhat
987,elusive
988,overlooked
989,rarely
990,stocked
991,revived
992,release
993,rothman
994,companies
995,produce
996,meant
997,four
998,absence
999,interestingly
1000,reverted
1001,believe
1002,flamed
1003,stands
1004,benedictine
1005,icons
1006,warmer
1007,prep
1008,snifter
1009,dumping
1010,spirits
1011,nightcap
1012,producers
1013,pre
1014,option
1015,bacardi
1016,fitting
1017,original
1018,specific
1019,happens
1020,earliest
1021,examples
1022,advertising
1023,campaigns
1024,supreme
1025,court
1026,ruled
1027,authentic
1028,beyond
1029,nonetheless
1030,light
1031,bacon
1032,angry
1033,includes
1034,thirsting
1035,cooked
1036,breakfast
1037,already
1038,kitchen
1039,unless
1040,across
1041,bakon
1042,news
1043,fry
1044,full
1045,instructions
1046,bahama
1047,mama
1048,instantly
1049,transport
1050,faraway
1051,beach
1052,available
1053,types
1054,coconut
1055,healthy
1056,dose
1057,keys
1058,various
1059,basic
1060,accent
1061,second
1062,show
1063,mamas
1064,local
1065,lounge
1066,vacation
1067,baltimore
1068,bang
1069,classically
1070,satisfying
1071,delightfully
1072,tradition
1073,included
1074,accents
1075,lively
1076,tweaked
1077,suit
1078,personal
1079,bracer
1080,sweetened
1081,enjoys
1082,foamy
1083,texture
1084,disturbed
1085,eggs
1086,probably
1087,avoid
1088,altogether
1089,normally
1090,ensure
1091,fully
1092,integrated
1093,bamboo
1094,alternative
1095,giving
1096,double
1097,aperitifs
1098,story
1099,sometime
1100,around
1101,louis
1102,eppinger
1103,grand
1104,yokohama
1105,japan
1106,turning
1107,overseeing
1108,culinary
1109,menus
1110,flock
1111,visiting
1112,david
1113,wondrich
1114,imbibe
1115,mysteriously
1116,united
1117,states
1118,boston
1119,rumchata
1120,banana
1121,evokes
1122,word
1123,yummy
1124,liqueurs
1125,unbelievably
1126,spices
1127,never
1128,fails
1129,tempting
1130,banane
1131,bananas
1132,dekuyper
1133,hiram
1134,walker
1135,marie
1136,brizard
1137,store
1138,least
1139,strain
1140,recommends
1141,graham
1142,cracker
1143,skipped
1144,serving
1145,whichever
1146,temperature
1147,reprinted
1148,permission
1149,daiquiri
1150,pina
1151,colada
1152,utterly
1153,whole
1154,usual
1155,tossed
1156,twists
1157,level
1158,crushed
1159,hammock
1160,national
1161,august
1162,mother
1163,ruin
1164,nyc
1165,ton
1166,sailor
1167,along
1168,play
1169,transforms
1170,sophistication
1171,rare
1172,caramelized
1173,dust
1174,split
1175,toppings
1176,caramel
1177,three
1178,opportunities
1179,customize
1180,select
1181,luscious
1182,wrong
1183,creative
1184,devising
1185,banshee
1186,capri
1187,covered
1188,sorts
1189,rage
1190,skips
1191,absolutely
1192,treat
1193,whenever
1194,milk
1195,basil
1196,ica
1197,something
1198,sipping
1199,pleasure
1200,chris
1201,milligan
1202,santa
1203,fe
1204,barman
1205,behind
1206,mexico
1207,plymouth
1208,london
1209,icings
1210,wrapping
1211,leaf
1212,novel
1213,st
1214,germain
1215,peychaud
1216,cachaca
1217,batida
1218,heard
1219,caipirinha
1220,tasted
1221,brazil
1222,introduce
1223,ba
1224,chee
1225,dah
1226,batidas
1227,shaken
1228,passionfruit
1229,portuguese
1230,maracuja
1231,novo
1232,fogo
1233,cachacas
1234,wait
1235,mess
1236,pulp
1237,round
1238,sets
1239,smoothie
1240,perfection
1241,silver
1242,chameleon
1243,reynolds
1244,bay
1245,breeze
1246,cranberry
1247,minute
1248,fortunately
1249,memorize
1250,trio
1251,hawaiian
1252,sea
1253,downeaster
1254,uncomplicated
1255,juices
1256,despite
1257,simplicity
1258,packs
1259,flavorful
1260,everyday
1261,beachcomber
1262,evenings
1263,described
1264,small
1265,forefront
1266,otherwise
1267,transparent
1268,close
1269,printed
1270,trader
1271,vic
1272,deny
1273,optional
1274,beatnik
1275,averna
1276,mixer
1277,shines
1278,duggan
1279,mcdonnell
1280,array
1281,tawny
1282,port
1283,oak
1284,herbal
1285,undertone
1286,digestifs
1287,follow
1288,steak
1289,theory
1290,nearly
1291,beauty
1292,unadulterated
1293,feel
1294,free
1295,nicer
1296,cognacs
1297,appreciate
1298,stuff
1299,diluting
1300,unnecessary
1301,mixers
1302,french
1303,connection
1304,neat
1305,marnier
1306,jagermeister
1307,bed
1308,roses
1309,let
1310,scare
1311,depth
1312,balances
1313,bee
1314,knees
1315,stories
1316,claim
1317,concocted
1318,masked
1319,odor
1320,wonder
1321,trick
1322,given
1323,pungent
1324,bathtub
1325,gins
1326,circulating
1327,none
1328,experiment
1329,barbecue
1330,annual
1331,festivals
1332,things
1333,strange
1334,blog
1335,fischer
1336,louisville
1337,steven
1338,dennison
1339,series
1340,held
1341,throughout
1342,u
1343,cities
1344,hefeweizen
1345,sauce
1346,liking
1347,brought
1348,bbq
1349,jack
1350,daniel
1351,smokehouse
1352,cups
1353,maker
1354,mark
1355,evan
1356,williams
1357,reserve
1358,juiced
1359,shiner
1360,bellini
1361,puts
1362,harry
1363,venice
1364,giuseppe
1365,cipriani
1366,renaissance
1367,painter
1368,giovanni
1369,reminded
1370,preferred
1371,subdued
1372,palette
1373,originally
1374,elsewhere
1375,tends
1376,demi
1377,peach
1378,puree
1379,peaches
1380,canned
1381,quartered
1382,cubes
1383,tablespoon
1384,chilled
1385,belmont
1386,king
1387,became
1388,official
1389,stakes
1390,replaced
1391,carnation
1392,jewel
1393,away
1394,greatness
1395,lightly
1396,watching
1397,horses
1398,medium
1399,sprig
1400,horse
1401,racing
1402,hand
1403,race
1404,include
1405,third
1406,leg
1407,crown
1408,woodford
1409,lemonade
1410,june
1411,transform
1412,pitcher
1413,berried
1414,treasure
1415,looks
1416,odd
1417,paper
1418,hal
1419,wolin
1420,amsterdam
1421,inclusion
1422,natural
1423,stretch
1424,encourage
1425,bliss
1426,midori
1427,spirited
1428,festivity
1429,melon
1430,raspberry
1431,written
1432,adjusted
1433,fit
1434,size
1435,hosting
1436,whip
1437,skyy
1438,infusions
1439,shade
1440,miss
1441,rest
1442,semi
1443,agavero
1444,besame
1445,translates
1446,date
1447,centuries
1448,potent
1449,aphrodisiac
1450,essence
1451,damiana
1452,flower
1453,agave
1454,wedges
1455,raspberries
1456,passion
1457,chambord
1458,sheets
1459,hear
1460,referred
1461,maiden
1462,prayer
1463,sexy
1464,sidecar
1465,paris
1466,hotspot
1467,monkey
1468,gland
1469,classics
1470,embassy
1471,delicately
1472,enhanced
1473,simplest
1474,biltmore
1475,exciting
1476,combinations
1477,garnishes
1478,edition
1479,soaked
1480,hazelnut
1481,times
1482,vintage
1483,guides
1484,vague
1485,preparation
1486,interpretation
1487,required
1488,chunk
1489,lists
1490,muddled
1491,lets
1492,shaking
1493,piece
1494,inch
1495,bishop
1496,countless
1497,sort
1498,simplified
1499,waldorf
1500,astoria
1501,crockett
1502,versions
1503,bishops
1504,dressed
1505,important
1506,tan
1507,pale
1508,ale
1509,moon
1510,layer
1511,underneath
1512,guinness
1513,beginners
1514,belgian
1515,witbier
1516,wheat
1517,note
1518,highly
1519,effervescent
1520,complete
1521,contrast
1522,stout
1523,beers
1524,marry
1525,middle
1526,sips
1527,surprise
1528,transformed
1529,bush
1530,upgrade
1531,bushmills
1532,higher
1533,concentration
1534,former
1535,oloroso
1536,casks
1537,relaxing
1538,planning
1539,menu
1540,decide
1541,tonight
1542,brews
1543,poured
1544,bars
1545,bass
1546,boulevard
1547,sierra
1548,nevada
1549,bottom
1550,top
1551,layers
1552,correctly
1553,remain
1554,separated
1555,finish
1556,opposite
1557,taps
1558,decorated
1559,cat
1560,lazy
1561,patio
1562,spiked
1563,cola
1564,halloween
1565,mind
1566,crossing
1567,path
1568,foundation
1569,relatively
1570,inexpensive
1571,budget
1572,friendly
1573,breezer
1574,smirnoff
1575,notes
1576,robust
1577,offset
1578,disappointment
1579,recommend
1580,effen
1581,grey
1582,goose
1583,creepy
1584,onyx
1585,spooky
1586,shirley
1587,temple
1588,blavod
1589,novelty
1590,mysterious
1591,lies
1592,stand
1593,coloring
1594,beat
1595,lowball
1596,enjoyed
1597,irresistible
1598,aspiring
1599,commits
1600,memory
1601,learn
1602,kahlua
1603,stir
1604,enhance
1605,unlikely
1606,steward
1607,mourning
1608,death
1609,queen
1610,victoria
1611,husband
1612,prince
1613,careful
1614,pouring
1615,thick
1616,head
1617,helpful
1618,floating
1619,disrupt
1620,flow
1621,hit
1622,pull
1623,widow
1624,answer
1625,cape
1626,codder
1627,straightforward
1628,eerie
1629,float
1630,diy
1631,swirling
1632,cloud
1633,drizzling
1634,lost
1635,stirred
1636,minutes
1637,blackberry
1638,irishman
1639,deserves
1640,attention
1641,happen
1642,shame
1643,start
1644,trend
1645,blackberries
1646,backyard
1647,brockmans
1648,follows
1649,backs
1650,juniper
1651,focuses
1652,plays
1653,dimension
1654,plum
1655,summertime
1656,blind
1657,pilot
1658,routine
1659,patron
1660,asked
1661,galliano
1662,returned
1663,formulation
1664,immediately
1665,richness
1666,vya
1667,tones
1668,jim
1669,beam
1670,requiring
1671,label
1672,sand
1673,considered
1674,shaky
1675,accepted
1676,movie
1677,film
1678,produced
1679,starring
1680,rudolph
1681,valentino
1682,remade
1683,tyrone
1684,powers
1685,sharon
1686,stone
1687,heering
1688,substitution
1689,brandies
1690,squeezed
1691,grape
1692,vary
1693,greatly
1694,citroen
1695,forms
1696,bloody
1697,caesar
1698,mary
1699,canada
1700,dedicated
1701,tomato
1702,clamato
1703,clam
1704,tabasco
1705,pickle
1706,celery
1707,endless
1708,reindeer
1709,forty
1710,changed
1711,experiments
1712,help
1713,alleviate
1714,hangover
1715,pains
1716,worcestershire
1717,salt
1718,stalk
1719,oranges
1720,varieties
1721,easier
1722,readily
1723,worth
1724,hunting
1725,match
1726,eye
1727,maria
1728,meets
1729,noticeable
1730,unlike
1731,heavily
1732,background
1733,vegetal
1734,earthiness
1735,astounded
1736,horseradish
1737,dijon
1738,mustard
1739,cucumber
1740,shrimp
1741,icon
1742,touted
1743,cures
1744,secrets
1745,prepared
1746,ahead
1747,adaptable
1748,mild
1749,virgin
1750,pinch
1751,spear
1752,hue
1753,reputation
1754,consider
1755,warned
1756,longer
1757,list
1758,allow
1759,decorating
1760,bowl
1761,fake
1762,spiders
1763,cobwebs
1764,outside
1765,edible
1766,likes
1767,eyeball
1768,donq
1769,cristal
1770,limes
1771,thin
1772,wheels
1773,bayou
1774,remind
1775,breezy
1776,spent
1777,poolside
1778,blazer
1779,advanced
1780,involves
1781,rolling
1782,flaming
1783,mug
1784,etchings
1785,possibly
1786,images
1787,survive
1788,pros
1789,english
1790,christmas
1791,dr
1792,goblet
1793,fire
1794,read
1795,safety
1796,tips
1797,attempting
1798,boiling
1799,sweetening
1800,resist
1801,lures
1802,nicknamed
1803,swimming
1804,pool
1805,exception
1806,tempted
1807,splits
1808,room
1809,responsible
1810,mesmerizing
1811,aquamarine
1812,lagoon
1813,mystique
1814,draws
1815,buds
1816,salivating
1817,disappoint
1818,settle
1819,brilliantly
1820,moonlight
1821,replace
1822,else
1823,remains
1824,rimming
1825,blueberry
1826,shortage
1827,extraordinary
1828,mango
1829,brightness
1830,berries
1831,based
1832,citronge
1833,debut
1834,governors
1835,ball
1836,oscars
1837,hollywood
1838,biggest
1839,deceptive
1840,surprising
1841,fancy
1842,discount
1843,absolute
1844,senses
1845,fragrance
1846,trapped
1847,floats
1848,atop
1849,nose
1850,mouth
1851,pekoe
1852,freshly
1853,blushing
1854,bride
1855,wedding
1856,brides
1857,dainty
1858,bubbly
1859,shower
1860,bachelorette
1861,chill
1862,toasting
1863,newlywed
1864,reception
1865,non
1866,ready
1867,care
1868,tyku
1869,geisha
1870,valentine
1871,excuse
1872,foods
1873,asian
1874,cuisines
1875,blush
1876,bouquet
1877,anything
1878,ty
1879,ku
1880,aphrodisiacs
1881,rose
1882,someone
1883,watch
1884,sparks
1885,fly
1886,lady
1887,rimmed
1888,showers
1889,weddings
1890,ladies
1891,medley
1892,entranced
1893,reach
1894,bocce
1895,main
1896,elements
1897,almond
1898,opt
1899,screwdriver
1900,air
1901,botanical
1902,shine
1903,tartness
1904,side
1905,adjustments
1906,tooth
1907,overboard
1908,cross
1909,repertoire
1910,boulevardier
1911,negroni
1912,predated
1913,dates
1914,sketchy
1915,differ
1916,alone
1917,subtle
1918,host
1919,loving
1920,guests
1921,gian
1922,saetti
1923,ritz
1924,carlton
1925,kapalua
1926,alaloa
1927,maui
1928,reality
1929,pointed
1930,retains
1931,switches
1932,solerno
1933,wonders
1934,entire
1935,tarragon
1936,apart
1937,manhattans
1938,complements
1939,undertones
1940,carpano
1941,antica
1942,truth
1943,impress
1944,moments
1945,limoncello
1946,increased
1947,brew
1948,refrigerator
1949,arrive
1950,iced
1951,bramble
1952,k
1953,dick
1954,bradsell
1955,open
1956,okay
1957,mure
1958,access
1959,crop
1960,mean
1961,suggest
1962,fruitier
1963,impossible
1964,luck
1965,convenient
1966,viable
1967,means
1968,alexander
1969,luxurious
1970,honestly
1971,decent
1972,nights
1973,desserts
1974,sampling
1975,cobbler
1976,favorites
1977,pack
1978,adorned
1979,adapt
1980,publication
1981,suggested
1982,whopping
1983,intoxicating
1984,drinker
1985,knocks
1986,manageable
1987,dress
1988,armagnac
1989,worrying
1990,damaging
1991,quality
1992,enhancing
1993,definition
1994,distilled
1995,acts
1996,dilution
1997,late
1998,big
1999,calls
2000,ordered
2001,daisy
2002,basically
2003,traditionally
2004,gum
2005,alternatively
2006,orgeat
2007,tablespoons
2008,eggnog
2009,holiday
2010,gatherings
2011,effort
2012,nog
2013,shaker
2014,creaminess
2015,surpasses
2016,anti
2017,noggers
2018,yolk
2019,grated
2020,nutmeg
2021,punches
2022,larger
2023,curdle
2024,appropriate
2025,considering
2026,sits
2027,extract
2028,prefers
2029,wisconsin
2030,state
2031,unofficial
2032,sprite
2033,rivals
2034,smash
2035,saw
2036,heyday
2037,civil
2038,war
2039,timeless
2040,needs
2041,improvement
2042,enhancement
2043,incarnation
2044,pulled
2045,employ
2046,muddler
2047,require
2048,constants
2049,compared
2050,julep
2051,sprigs
2052,brave
2053,bull
2054,companions
2055,turned
2056,juan
2057,blanco
2058,brazilian
2059,knock
2060,socks
2061,kicker
2062,lucid
2063,freshest
2064,section
2065,thank
2066,later
2067,kiwi
2068,etc
2069,spanish
2070,broad
2071,stripes
2072,marvelous
2073,associated
2074,placed
2075,snap
2076,theme
2077,drizzle
2078,additions
2079,brogue
2080,lavender
2081,leo
2082,robitschek
2083,eleven
2084,madison
2085,park
2086,highland
2087,rusty
2088,nail
2089,norm
2090,respect
2091,bronx
2092,questioned
2093,generally
2094,johnnie
2095,solon
2096,shortly
2097,remarkable
2098,uncanny
2099,ability
2100,buck
2101,fizz
2102,identical
2103,mimosa
2104,skipping
2105,lack
2106,ratios
2107,reversed
2108,oj
2109,bonus
2110,mid
2111,morning
2112,wish
2113,acquired
2114,hate
2115,comeback
2116,appeals
2117,retro
2118,vibe
2119,beef
2120,broth
2121,consomme
2122,join
2123,aspect
2124,soup
2125,bouillon
2126,burning
2127,meehan
2128,pdt
2129,distract
2130,life
2131,heat
2132,opening
2133,bushwacker
2134,talking
2135,killer
2136,captivating
2137,shortcuts
2138,mantra
2139,butternut
2140,thanksgiving
2141,nikki
2142,sunseri
2143,dom
2144,los
2145,angeles
2146,ingenious
2147,infuse
2148,eagle
2149,squash
2150,roasted
2151,urban
2152,moonshine
2153,fee
2154,brothers
2155,barrel
2156,cable
2157,car
2158,tony
2159,abou
2160,ganim
2161,tracks
2162,near
2163,starlight
2164,fransisco
2165,fanciest
2166,captain
2167,morgan
2168,evening
2169,cool
2170,sun
2171,following
2172,intentions
2173,spiral
2174,cadillac
2175,skimping
2176,proper
2177,shelf
2178,reposado
2179,final
2180,amore
2181,nutty
2182,faster
2183,pot
2184,heaping
2185,mound
2186,almonds
2187,sit
2188,brasileiro
2189,john
2190,gakuru
2191,sagatiba
2192,pura
2193,darkest
2194,richest
2195,capability
2196,finishes
2197,bean
2198,heavy
2199,deliciously
2200,professional
2201,quickest
2202,spiking
2203,bonuses
2204,royal
2205,compliment
2206,xo
2207,counterparts
2208,java
2209,powder
2210,mojito
2211,pronounced
2212,kai
2213,purr
2214,reen
2215,yah
2216,pro
2217,muddle
2218,brazillian
2219,distills
2220,cane
2221,molasses
2222,plus
2223,caipirini
2224,characteristics
2225,opportunity
2226,camila
2227,cardillo
2228,leblon
2229,package
2230,displays
2231,influences
2232,form
2233,bold
2234,training
2235,substituting
2236,cosmo
2237,cosmopolitan
2238,counterpart
2239,canadian
2240,specify
2241,appley
2242,appeal
2243,sam
2244,hernandez
2245,salted
2246,backdrop
2247,flake
2248,unto
2249,berentzen
2250,martinelli
2251,flakes
2252,captures
2253,festive
2254,corn
2255,kettle
2256,yes
2257,bringing
2258,jonathan
2259,pogash
2260,project
2261,kissed
2262,skin
2263,moscato
2264,corns
2265,cantarito
2266,cousin
2267,paloma
2268,cantaritos
2269,clay
2270,cafes
2271,lounging
2272,cod
2273,mystery
2274,nothing
2275,reliable
2276,disguise
2277,impurities
2278,cheap
2279,benefit
2280,jolly
2281,rancher
2282,celebrate
2283,tezon
2284,tequilas
2285,butterscotch
2286,preferable
2287,warmth
2288,holds
2289,apples
2290,frosty
2291,affordable
2292,staple
2293,craving
2294,delectably
2295,rooftop
2296,square
2297,dreamy
2298,jameson
2299,cardinal
2300,kir
2301,desirable
2302,cannot
2303,bear
2304,waste
2305,tools
2306,techniques
2307,cassis
2308,reds
2309,merlot
2310,pinot
2311,noir
2312,currant
2313,wines
2314,catalina
2315,course
2316,brighten
2317,pimm
2318,kingdom
2319,h
2320,joseph
2321,ehrmann
2322,elixir
2323,saloon
2324,organic
2325,cilantro
2326,tantalizing
2327,freshness
2328,centennial
2329,induced
2330,coriander
2331,equally
2332,weather
2333,entertaining
2334,involved
2335,taxing
2336,begin
2337,infusing
2338,colorado
2339,stovetop
2340,freeze
2341,remaining
2342,squeeze
2343,caramelize
2344,stanton
2345,social
2346,closed
2347,eight
2348,servings
2349,stranahan
2350,cubed
2351,granulated
2352,seeds
2353,pureed
2354,central
2355,cayenne
2356,sound
2357,closer
2358,reportedly
2359,drops
2360,clearly
2361,surprises
2362,continues
2363,dinners
2364,celebration
2365,bowler
2366,vineal
2367,five
2368,chardonnay
2369,lays
2370,mash
2371,pizazz
2372,saturate
2373,dissolves
2374,fountain
2375,spectacle
2376,contributes
2377,housewarming
2378,suitable
2379,milliliter
2380,charlie
2381,chaplin
2382,documented
2383,hearty
2384,honor
2385,comedic
2386,actor
2387,filmmaker
2388,silent
2389,films
2390,dictator
2391,kid
2392,interested
2393,wives
2394,lita
2395,namesakes
2396,marriage
2397,chartreuse
2398,digestif
2399,allure
2400,able
2401,ignore
2402,bitch
2403,turns
2404,tang
2405,ripe
2406,sake
2407,tini
2408,allen
2409,katz
2410,cosmpolitan
2411,gekkeikan
2412,kyoto
2413,versatile
2414,mode
2415,hopefully
2416,build
2417,appreciation
2418,funky
2419,stag
2420,bobby
2421,gleason
2422,overpowering
2423,points
2424,damn
2425,funkin
2426,morello
2427,crackers
2428,lane
2429,finer
2430,medicinal
2431,cough
2432,enhances
2433,heavenly
2434,touches
2435,cherub
2436,angelic
2437,proportion
2438,tinge
2439,plant
2440,seed
2441,customization
2442,hendrick
2443,oh
2444,hendricks
2445,chi
2446,ocean
2447,familiar
2448,creamier
2449,sick
2450,chicago
2451,blast
2452,indicates
2453,windy
2454,traveled
2455,brief
2456,fame
2457,obscure
2458,handful
2459,adventure
2460,rendition
2461,orleans
2462,children
2463,treats
2464,route
2465,yael
2466,vengroff
2467,director
2468,spare
2469,located
2470,roosevelt
2471,haunted
2472,places
2473,believed
2474,building
2475,eternal
2476,legends
2477,marilyn
2478,monroe
2479,carole
2480,lombard
2481,montgomery
2482,clift
2483,hours
2484,seltzer
2485,prepare
2486,seems
2487,glance
2488,ghoulish
2489,liter
2490,chimayo
2491,unfiltered
2492,via
2493,arutro
2494,jaramillo
2495,abundance
2496,area
2497,rancho
2498,restaurant
2499,hacienda
2500,says
2501,northern
2502,eat
2503,source
2504,highlight
2505,relies
2506,melted
2507,boiler
2508,melt
2509,microwave
2510,next
2511,deeper
2512,hershey
2513,chips
2514,tantalize
2515,complementary
2516,indulge
2517,garnished
2518,reason
2519,sense
2520,secondly
2521,lover
2522,exploring
2523,waiting
2524,powdered
2525,chocolatini
2526,indulging
2527,bailey
2528,website
2529,godiva
2530,wanted
2531,potential
2532,shavings
2533,christi
2534,extreme
2535,lingonberry
2536,christiania
2537,potato
2538,norway
2539,keeping
2540,origins
2541,featured
2542,lingonberries
2543,commonly
2544,scandinavian
2545,countries
2546,likened
2547,wild
2548,catch
2549,combined
2550,jams
2551,syrups
2552,jones
2553,metro
2554,marche
2555,coincide
2556,casino
2557,royale
2558,blender
2559,boozy
2560,bling
2561,friend
2562,chrysanthemum
2563,companion
2564,metropolitan
2565,pernod
2566,strip
2567,cinco
2568,herradura
2569,mayo
2570,invigorating
2571,coated
2572,colors
2573,mexican
2574,flag
2575,naturally
2576,serves
2577,tricky
2578,separate
2579,sections
2580,practice
2581,coat
2582,sugars
2583,citron
2584,beverage
2585,garden
2586,discontinued
2587,clover
2588,live
2589,bellevue
2590,stratford
2591,philadelphia
2592,hang
2593,literary
2594,legal
2595,financial
2596,business
2597,lights
2598,quaker
2599,advocates
2600,talk
2601,clubs
2602,agree
2603,w
2604,c
2605,whitfield
2606,solid
2607,coco
2608,calorie
2609,ciroc
2610,oscar
2611,viewing
2612,unsweetened
2613,worlds
2614,produces
2615,froth
2616,switching
2617,richard
2618,franklin
2619,winner
2620,sources
2621,overholt
2622,obtains
2623,chocolaty
2624,taza
2625,nibs
2626,beans
2627,done
2628,rebottle
2629,xocolatl
2630,mole
2631,bittermens
2632,thoughts
2633,nib
2634,demerara
2635,memorable
2636,frothy
2637,edge
2638,inverted
2639,focus
2640,actual
2641,refer
2642,appeared
2643,print
2644,tender
2645,kinds
2646,seek
2647,ports
2648,unfortunately
2649,subpar
2650,culture
2651,superior
2652,instant
2653,espresso
2654,improved
2655,stew
2656,ellington
2657,multidimensional
2658,sensation
2659,muddling
2660,shadows
2661,seem
2662,pamela
2663,wiznitzer
2664,seamstress
2665,delectable
2666,george
2667,spritis
2668,craft
2669,involve
2670,anderson
2671,valley
2672,ipa
2673,bulldog
2674,primary
2675,amounts
2676,pours
2677,boost
2678,colt
2679,jager
2680,bomb
2681,octane
2682,partying
2683,drunk
2684,slowly
2685,energy
2686,commodore
2687,occurrence
2688,containing
2689,goodness
2690,carry
2691,coriandrum
2692,alberta
2693,straub
2694,genus
2695,transformation
2696,reactions
2697,madhava
2698,bianco
2699,corpse
2700,reviver
2701,greats
2702,loved
2703,testament
2704,mixability
2705,culmination
2706,lifetime
2707,said
2708,reviving
2709,souls
2710,previous
2711,hair
2712,dog
2713,curing
2714,hangovers
2715,measurements
2716,suffering
2717,lillet
2718,blanc
2719,cocchi
2720,peak
2721,multiple
2722,appearances
2723,hbo
2724,sex
2725,girly
2726,older
2727,hundreds
2728,preference
2729,enthusiasts
2730,run
2731,encouraged
2732,crantini
2733,feast
2734,choosing
2735,cranberries
2736,dried
2737,creamsicle
2738,sounds
2739,liquid
2740,alternatives
2741,pinnacle
2742,desires
2743,brulee
2744,creole
2745,quantity
2746,alluring
2747,decadent
2748,custard
2749,brainchild
2750,benjamin
2751,maury
2752,anglaise
2753,yolks
2754,suggestion
2755,wow
2756,factor
2757,vanil
2758,strings
2759,cuba
2760,libre
2761,translated
2762,phrase
2763,popularized
2764,freed
2765,rule
2766,coke
2767,lightens
2768,cuts
2769,defines
2770,coca
2771,concoctions
2772,chapter
2773,generic
2774,term
2775,rums
2776,shared
2777,gather
2778,toss
2779,aging
2780,slow
2781,test
2782,adjustment
2783,whirl
2784,forth
2785,consistency
2786,peeled
2787,seeded
2788,chopped
2789,wasabi
2790,cooled
2791,adventurous
2792,pea
2793,dollop
2794,dafne
2795,experimenting
2796,aromatics
2797,tanqueray
2798,rangpur
2799,boodles
2800,martin
2801,miller
2802,ranges
2803,daiquir
2804,ease
2805,shrub
2806,surprised
2807,useful
2808,zacapa
2809,anywhere
2810,believer
2811,daiquiris
2812,sub
2813,danny
2814,clooney
2815,charismatic
2816,movies
2817,roles
2818,commemorate
2819,casamigos
2820,magical
2821,bad
2822,n
2823,fluffy
2824,stormy
2825,tropics
2826,fallen
2827,bermudian
2828,goslings
2829,seal
2830,barritt
2831,marshmallow
2832,guaranteed
2833,fluffed
2834,finds
2835,mini
2836,marshmallows
2837,rejoice
2838,kill
2839,person
2840,grab
2841,fellow
2842,chocoholic
2843,backed
2844,scoops
2845,stock
2846,obtain
2847,delilah
2848,forgotten
2849,chelsea
2850,fundamental
2851,finding
2852,tickle
2853,artisan
2854,bouquets
2855,derby
2856,due
2857,association
2858,kentucky
2859,arguably
2860,transforming
2861,devil
2862,harmless
2863,dusting
2864,dirty
2865,deceptively
2866,menthe
2867,stinger
2868,bite
2869,aftertaste
2870,shakes
2871,sensitive
2872,willing
2873,check
2874,overpour
2875,vital
2876,brandyv
2877,handshake
2878,sing
2879,inclined
2880,overall
2881,root
2882,processor
2883,tray
2884,whitelime
2885,universal
2886,counteracts
2887,blends
2888,diamond
2889,placing
2890,freezer
2891,worry
2892,taking
2893,solely
2894,masking
2895,luxury
2896,bird
2897,lighter
2898,circa
2899,link
2900,touchdown
2901,dance
2902,jamal
2903,running
2904,atlanta
2905,falcons
2906,hornitini
2907,hornitos
2908,brine
2909,tequini
2910,wise
2911,saltiness
2912,refers
2913,rounds
2914,filthy
2915,olives
2916,separator
2917,connected
2918,dorda
2919,chopin
2920,machine
2921,stove
2922,cappuccino
2923,dorflinger
2924,bodied
2925,within
2926,got
2927,famed
2928,christian
2929,mills
2930,pennsylvania
2931,crafting
2932,glassware
2933,period
2934,fittingly
2935,containers
2936,dracula
2937,haunting
2938,bash
2939,description
2940,visual
2941,skills
2942,formed
2943,craftier
2944,similarity
2945,alcoholic
2946,roy
2947,rogers
2948,dragon
2949,heart
2950,ektoras
2951,binikos
2952,art
2953,ron
2954,abuelo
2955,lucky
2956,fell
2957,lunar
2958,mixologists
2959,mezcal
2960,cordial
2961,housemade
2962,profiles
2963,handy
2964,anos
2965,domain
2966,canton
2967,dubonnet
2968,finest
2969,cabinet
2970,un
2971,rouge
2972,fortified
2973,quinine
2974,elizabeth
2975,ii
2976,obscurity
2977,recent
2978,appealing
2979,zaza
2980,dulce
2981,leche
2982,recreation
2983,guys
2984,dolls
2985,revival
2986,mistaken
2987,milkshake
2988,primarily
2989,condensed
2990,relates
2991,scenes
2992,prudish
2993,sarah
2994,tipsy
2995,sky
2996,masterson
2997,leads
2998,preservative
2999,funny
3000,devious
3001,martell
3002,rolls
3003,pears
3004,adam
3005,schuman
3006,echoed
3007,contrasting
3008,lends
3009,easter
3010,bunny
3011,satisfy
3012,springtime
3013,skill
3014,chocolatey
3015,regret
3016,el
3017,diablo
3018,blackcurrant
3019,bites
3020,earthy
3021,haze
3022,pepino
3023,las
3024,vegas
3025,gaston
3026,martinez
3027,milagro
3028,presidente
3029,printings
3030,savoy
3031,craddock
3032,credited
3033,eddie
3034,woelke
3035,bloom
3036,island
3037,catching
3038,electrifying
3039,swapped
3040,miami
3041,confused
3042,private
3043,venue
3044,restaurateur
3045,adolph
3046,brandstatter
3047,respite
3048,quiet
3049,swarms
3050,apparently
3051,backfired
3052,dropped
3053,considerably
3054,establishment
3055,montmartre
3056,starting
3057,nightclub
3058,jamaican
3059,impact
3060,emerald
3061,isle
3062,harmony
3063,minty
3064,patrick
3065,focusing
3066,marries
3067,decision
3068,teas
3069,earl
3070,methods
3071,warms
3072,showmanship
3073,ladle
3074,caution
3075,service
3076,glasses
3077,bowls
3078,stainless
3079,steel
3080,chafing
3081,acrylic
3082,handle
3083,fascination
3084,remained
3085,lexicon
3086,envy
3087,outdoor
3088,espaloma
3089,espolon
3090,attempts
3091,outshine
3092,bacchus
3093,croix
3094,islands
3095,ridiculous
3096,cruzan
3097,pick
3098,caffeinated
3099,duplicate
3100,retain
3101,desire
3102,eucalyptus
3103,humberto
3104,marques
3105,owner
3106,curfew
3107,copenhagen
3108,denmark
3109,studies
3110,creations
3111,innovative
3112,cooling
3113,tantalizes
3114,touche
3115,formerly
3116,downtown
3117,highlighted
3118,stop
3119,fabiola
3120,dilutes
3121,vermouths
3122,chipotle
3123,rolled
3124,navan
3125,newman
3126,published
3127,licor
3128,firefly
3129,greyhound
3130,functions
3131,progressive
3132,sunrise
3133,fireflies
3134,homer
3135,moe
3136,debuted
3137,simpsons
3138,tried
3139,recreate
3140,episode
3141,talked
3142,tv
3143,stole
3144,renamed
3145,weird
3146,phenomenon
3147,cartoon
3148,flirtini
3149,flirtatious
3150,lose
3151,flirtinis
3152,pieces
3153,terrific
3154,utilize
3155,satiate
3156,floradora
3157,spelled
3158,florodora
3159,stage
3160,society
3161,framboise
3162,exclusively
3163,role
3164,girl
3165,woman
3166,brunette
3167,weigh
3168,pounds
3169,foot
3170,inches
3171,chorus
3172,girls
3173,foghorn
3174,interpretations
3175,resorted
3176,beefeater
3177,vs
3178,exclusive
3179,denying
3180,record
3181,cory
3182,mendonca
3183,smile
3184,hangar
3185,buddha
3186,cartron
3187,grenade
3188,mendoca
3189,substitutes
3190,favor
3191,recommendations
3192,rekorderlig
3193,amongst
3194,caesars
3195,adaptability
3196,dressing
3197,subtract
3198,hotter
3199,savory
3200,montreal
3201,mccormick
3202,plenty
3203,ideas
3204,motts
3205,tsp
3206,jam
3207,grilled
3208,prawn
3209,cheese
3210,sausage
3211,pepperoni
3212,dill
3213,freddie
3214,fuddpucker
3215,freddy
3216,harvey
3217,wallbanger
3218,cactus
3219,banger
3220,tops
3221,l
3222,autentico
3223,esque
3224,provide
3225,mm
3226,artillery
3227,gun
3228,military
3229,gi
3230,caught
3231,stork
3232,point
3233,suited
3234,disaronno
3235,gozio
3236,hands
3237,promotion
3238,worked
3239,ranks
3240,loss
3241,navigating
3242,safe
3243,bet
3244,warn
3245,crafted
3246,sparkle
3247,born
3248,affairs
3249,sunday
3250,pearl
3251,botanically
3252,refreshed
3253,rock
3254,thrown
3255,unbalanced
3256,quarter
3257,washington
3258,jason
3259,preserves
3260,tastiest
3261,j
3262,bonne
3263,maman
3264,satisfaction
3265,knowing
3266,concoct
3267,promote
3268,released
3269,unmistakable
3270,lived
3271,product
3272,stores
3273,absolut
3274,svedka
3275,frangelico
3276,friar
3277,tuck
3278,devised
3279,monks
3280,rope
3281,belt
3282,led
3283,usually
3284,soft
3285,fright
3286,grove
3287,powerful
3288,candidate
3289,frisco
3290,brandon
3291,chandlor
3292,childhood
3293,citadelle
3294,advice
3295,regularly
3296,roast
3297,seasons
3298,overlap
3299,bartlett
3300,anjou
3301,ruining
3302,frog
3303,gimmick
3304,witches
3305,grapes
3306,unknown
3307,creature
3308,bodies
3309,blending
3310,chop
3311,frostbite
3312,results
3313,filling
3314,dull
3315,reduced
3316,gold
3317,tosses
3318,significant
3319,besides
3320,counteract
3321,recommendation
3322,adjust
3323,buying
3324,discover
3325,kappa
3326,booze
3327,fuzzy
3328,navel
3329,highballs
3330,tricks
3331,experimentation
3332,oomph
3333,hairy
3334,game
3335,p
3336,caceres
3337,subtly
3338,hayden
3339,cynar
3340,artichoke
3341,bros
3342,patch
3343,sodas
3344,fragrant
3345,becoming
3346,online
3347,acid
3348,phosphate
3349,extinct
3350,chemical
3351,georgia
3352,singing
3353,ray
3354,charles
3355,judy
3356,bronson
3357,enthusiast
3358,psychologist
3359,trade
3360,taken
3361,unforgettable
3362,torn
3363,domaine
3364,looza
3365,german
3366,sother
3367,teague
3368,amor
3369,amargo
3370,facebook
3371,page
3372,flor
3373,cana
3374,comprise
3375,snowcone
3376,crusher
3377,pebbles
3378,frustration
3379,bag
3380,lewis
3381,plastic
3382,storage
3383,whack
3384,hammer
3385,breaks
3386,ghost
3387,specialty
3388,ini
3389,pumpkin
3390,grabs
3391,cookie
3392,directly
3393,fog
3394,accidentally
3395,ingests
3396,harmful
3397,unknowingly
3398,mistakenly
3399,ingesting
3400,internal
3401,organs
3402,intoxication
3403,oreo
3404,cookies
3405,gummy
3406,worms
3407,ghostbuster
3408,ghosts
3409,ghostly
3410,appears
3411,drop
3412,gibson
3413,onion
3414,briny
3415,onions
3416,gimlet
3417,gems
3418,appreciated
3419,sours
3420,departure
3421,reported
3422,pub
3423,showing
3424,greatest
3425,generation
3426,battled
3427,clear
3428,sin
3429,guessing
3430,mixture
3431,viewed
3432,overindulgence
3433,meaning
3434,covering
3435,expensive
3436,save
3437,money
3438,waters
3439,sprung
3440,thanks
3441,resurgence
3442,popularity
3443,q
3444,fever
3445,checking
3446,falls
3447,dryness
3448,rickey
3449,opting
3450,listed
3451,meantime
3452,leap
3453,dragonfly
3454,personality
3455,customizations
3456,aware
3457,mask
3458,undesirable
3459,differs
3460,mocktail
3461,rickeys
3462,sling
3463,dreamed
3464,writing
3465,slings
3466,stepped
3467,honesty
3468,frankly
3469,superb
3470,reserved
3471,liquors
3472,sitting
3473,resistant
3474,soothe
3475,sore
3476,throat
3477,remedy
3478,lingering
3479,cure
3480,relief
3481,fastback
3482,bulleit
3483,plan
3484,dials
3485,minced
3486,divided
3487,candied
3488,expressed
3489,accordingly
3490,associate
3491,recreating
3492,nick
3493,mautone
3494,raising
3495,masterfully
3496,la
3497,poire
3498,cloves
3499,allspice
3500,timely
3501,clove
3502,wilson
3503,beretta
3504,francisco
3505,zingy
3506,bottling
3507,wake
3508,splenda
3509,distinguish
3510,totally
3511,pleasing
3512,monin
3513,zest
3514,gingerbread
3515,man
3516,complicated
3517,rubbing
3518,cozy
3519,step
3520,ginspresso
3521,staying
3522,van
3523,gogh
3524,thicker
3525,burnt
3526,glogg
3527,mulled
3528,normal
3529,morten
3530,sohlberg
3531,smorgas
3532,chef
3533,intimate
3534,gathering
3535,strips
3536,pods
3537,sticks
3538,raisins
3539,adults
3540,potter
3541,namely
3542,deathly
3543,hollows
3544,aside
3545,overproof
3546,flame
3547,brushes
3548,extinguish
3549,guy
3550,lit
3551,oz
3552,godfather
3553,merely
3554,scented
3555,softens
3556,stiff
3557,tough
3558,gal
3559,tiramisu
3560,cheesecake
3561,baklava
3562,murky
3563,winning
3564,wildly
3565,corleone
3566,desk
3567,favors
3568,daughter
3569,godmother
3570,softer
3571,rush
3572,snappier
3573,dominates
3574,outpouring
3575,canvas
3576,bourbons
3577,golden
3578,towers
3579,content
3580,percent
3581,volume
3582,dominated
3583,spend
3584,seconds
3585,heavier
3586,glamour
3587,moet
3588,nd
3589,academy
3590,awards
3591,imperial
3592,revolution
3593,eyes
3594,possibilities
3595,jose
3596,cuervo
3597,especial
3598,choices
3599,hesitate
3600,gombo
3601,quench
3602,thirst
3603,cookouts
3604,dew
3605,interest
3606,lightening
3607,charm
3608,spearmint
3609,friday
3610,intentionally
3611,bursts
3612,combining
3613,gran
3614,gala
3615,complexity
3616,grasshopper
3617,ramp
3618,patty
3619,finely
3620,jackson
3621,cannon
3622,hawthorne
3623,decided
3624,showy
3625,carefully
3626,rob
3627,grade
3628,mcclure
3629,incomplete
3630,pint
3631,enjoying
3632,latched
3633,onto
3634,items
3635,rumor
3636,doctor
3637,curtin
3638,coroner
3639,physician
3640,surgeon
3641,schnerer
3642,morrisania
3643,noted
3644,heritage
3645,celebrants
3646,dyed
3647,oxford
3648,ohio
3649,celebrated
3650,annually
3651,thursday
3652,students
3653,dublin
3654,tremendous
3655,producing
3656,michael
3657,giant
3658,steep
3659,cools
3660,strongly
3661,begs
3662,salty
3663,grinch
3664,namesake
3665,seuss
3666,represent
3667,improve
3668,depend
3669,cheer
3670,craze
3671,guadalajara
3672,fernet
3673,branca
3674,pressed
3675,amaro
3676,tesoro
3677,xocalatl
3678,gummi
3679,act
3680,candies
3681,watermelon
3682,builds
3683,bears
3684,rinsed
3685,whimsical
3686,beverages
3687,gunpowder
3688,component
3689,ben
3690,carpenter
3691,street
3692,pasadena
3693,honors
3694,impressing
3695,trove
3696,prepping
3697,ford
3698,pistachio
3699,timing
3700,shorter
3701,proves
3702,pistachios
3703,chamomile
3704,heights
3705,roman
3706,habanero
3707,celebrates
3708,december
3709,preferably
3710,sandia
3711,dona
3712,pints
3713,centenario
3714,garinsh
3715,negro
3716,intensify
3717,spiciness
3718,appreciates
3719,upsetting
3720,midst
3721,hellacious
3722,purpose
3723,awaken
3724,calm
3725,stomach
3726,attribute
3727,splitting
3728,churning
3729,chili
3730,stronger
3731,poor
3732,harvest
3733,glowing
3734,spoil
3735,spooktacular
3736,amato
3737,moran
3738,balls
3739,hpnotist
3740,hpnotiq
3741,bunch
3742,glow
3743,crack
3744,lay
3745,dramatic
3746,ring
3747,outstanding
3748,roller
3749,coaster
3750,existence
3751,logic
3752,hawaii
3753,equals
3754,barely
3755,liit
3756,rut
3757,trip
3758,staycation
3759,hello
3760,kitty
3761,terms
3762,ordinary
3763,sensational
3764,displayed
3765,hemingway
3766,papa
3767,doble
3768,writer
3769,ernest
3770,widely
3771,biographical
3772,moveable
3773,tales
3774,sharing
3775,selective
3776,imbibed
3777,preferences
3778,spending
3779,enamored
3780,constantino
3781,ribailagua
3782,floridita
3783,havana
3784,regular
3785,amplified
3786,precise
3787,tackle
3788,v
3789,whiskies
3790,reasons
3791,class
3792,referring
3793,meet
3794,combier
3795,sad
3796,predicament
3797,lips
3798,hopper
3799,damato
3800,opinion
3801,yin
3802,yang
3803,relationship
3804,tinseltown
3805,homecoming
3806,caters
3807,anika
3808,zappe
3809,denver
3810,definite
3811,fuji
3812,technique
3813,organics
3814,spa
3815,boca
3816,loca
3817,supermarket
3818,essentials
3819,revelers
3820,patience
3821,baked
3822,goodies
3823,pleaser
3824,deuce
3825,honeydew
3826,tennis
3827,championship
3828,restauranteur
3829,introduced
3830,tournament
3831,offsets
3832,honeymoon
3833,honolulu
3834,young
3835,elopes
3836,fanciful
3837,dreams
3838,pictures
3839,walk
3840,town
3841,crafty
3842,applejack
3843,horny
3844,bashful
3845,ordering
3846,daring
3847,hold
3848,neck
3849,swirls
3850,goal
3851,longest
3852,challenge
3853,tuaca
3854,coming
3855,assume
3856,abv
3857,buttered
3858,kind
3859,coldest
3860,moment
3861,batch
3862,batter
3863,quicker
3864,butter
3865,body
3866,keeps
3867,whiskeys
3868,preparing
3869,process
3870,batches
3871,stay
3872,arrives
3873,temp
3874,cinn
3875,toddies
3876,starts
3877,enchanting
3878,peculiar
3879,lush
3880,heated
3881,allowed
3882,fuse
3883,becomes
3884,overwhelm
3885,daunting
3886,task
3887,liquids
3888,madeira
3889,sweeteners
3890,simmered
3891,chunks
3892,fantastically
3893,warmed
3894,indicate
3895,goldschlager
3896,cooker
3897,insulated
3898,gently
3899,fills
3900,aroma
3901,quart
3902,divine
3903,ski
3904,lodge
3905,toasty
3906,collection
3907,resulting
3908,hunter
3909,chillier
3910,hiking
3911,woods
3912,staking
3913,deer
3914,trail
3915,hurricane
3916,pat
3917,briens
3918,brien
3919,rummed
3920,rid
3921,distributors
3922,forced
3923,lamp
3924,shaped
3925,nola
3926,locations
3927,atmosphere
3928,iceberg
3929,pastis
3930,idonis
3931,airy
3932,mouthfeel
3933,prime
3934,rib
3935,seafood
3936,entrees
3937,occasionally
3938,lemontini
3939,rinsing
3940,bone
3941,lower
3942,independence
3943,intermingle
3944,remainder
3945,shellback
3946,erin
3947,sullivan
3948,mature
3949,misting
3950,yellow
3951,tumbler
3952,expression
3953,steps
3954,modest
3955,realize
3956,spray
3957,border
3958,joe
3959,sheridan
3960,pubs
3961,rival
3962,planned
3963,latte
3964,crave
3965,encounter
3966,hottest
3967,pyrat
3968,toasted
3969,sweetheart
3970,ta
3971,tu
3972,alainn
3973,taw
3974,guh
3975,haul
3976,inn
3977,bottoms
3978,importance
3979,rainbow
3980,tullamore
3981,went
3982,gelato
3983,heap
3984,chipped
3985,substance
3986,naked
3987,faults
3988,cheaper
3989,smoky
3990,fairy
3991,intensely
3992,handled
3993,rinse
3994,leaving
3995,characteristic
3996,softly
3997,accenting
3998,invigorate
3999,approximately
4000,revised
4001,strega
4002,defined
4003,saffron
4004,press
4005,lantern
4006,letting
4007,vsop
4008,derived
4009,neutral
4010,grain
4011,laird
4012,jalapeno
4013,chile
4014,oaky
4015,versus
4016,unaged
4017,julio
4018,quell
4019,palatable
4020,removed
4021,jalisco
4022,oakiness
4023,verbena
4024,danish
4025,jamaica
4026,hibiscus
4027,acting
4028,unblemished
4029,agua
4030,voodoo
4031,desert
4032,whose
4033,prickly
4034,compliments
4035,invented
4036,grandfather
4037,bon
4038,vivant
4039,peels
4040,implies
4041,representatives
4042,nations
4043,roomed
4044,slipper
4045,melons
4046,remembering
4047,jean
4048,harlow
4049,platinum
4050,blonde
4051,actress
4052,kept
4053,sacrificing
4054,versatility
4055,proving
4056,jellyfish
4057,tendrils
4058,marine
4059,practicing
4060,visually
4061,contributed
4062,sambuca
4063,jet
4064,account
4065,epitome
4066,styles
4067,appleton
4068,vx
4069,mount
4070,gay
4071,eclipse
4072,puerto
4073,rican
4074,herbsaint
4075,absinthes
4076,maintaining
4077,principal
4078,coulis
4079,vegetable
4080,maybe
4081,tweaks
4082,practically
4083,turkey
4084,twenty
4085,frugal
4086,stylish
4087,kamikaze
4088,bullfrog
4089,cause
4090,damage
4091,hence
4092,proportions
4093,darker
4094,fresher
4095,correct
4096,assuming
4097,overtones
4098,soften
4099,fabulously
4100,joys
4101,occasional
4102,chablis
4103,shall
4104,notable
4105,carries
4106,skinned
4107,knickerbocker
4108,genuine
4109,nickname
4110,dutch
4111,settlers
4112,wore
4113,pants
4114,knickers
4115,knee
4116,success
4117,strained
4118,davinci
4119,torani
4120,kumquat
4121,runs
4122,january
4123,march
4124,sunshine
4125,dependent
4126,kumquats
4127,coloniale
4128,vie
4129,en
4130,limited
4131,design
4132,rosemary
4133,needles
4134,liberty
4135,living
4136,terrace
4137,exploration
4138,soho
4139,yields
4140,smaller
4141,decrease
4142,increase
4143,tru
4144,flowery
4145,afternoons
4146,understand
4147,tongues
4148,minds
4149,rounded
4150,emerson
4151,grangala
4152,lei
4153,korbel
4154,orchid
4155,leprechaun
4156,confuse
4157,liberal
4158,amer
4159,picon
4160,additionally
4161,plentiful
4162,recently
4163,captivated
4164,tour
4165,distillery
4166,pairings
4167,lust
4168,rosangel
4169,diced
4170,face
4171,peche
4172,austin
4173,texas
4174,cinema
4175,husbands
4176,wife
4177,styling
4178,distinguishes
4179,partial
4180,stirring
4181,thermos
4182,tailgating
4183,contains
4184,sneak
4185,despise
4186,view
4187,lotus
4188,nuts
4189,consuming
4190,display
4191,jarred
4192,lizard
4193,pepsi
4194,lesser
4195,colas
4196,rc
4197,kola
4198,potion
4199,guarantee
4200,madame
4201,ruth
4202,indian
4203,ink
4204,smell
4205,turpentine
4206,lichitini
4207,unfamiliar
4208,lychees
4209,kwai
4210,feh
4211,commercial
4212,lynchburg
4213,tennessee
4214,hometown
4215,mad
4216,gruesome
4217,membrane
4218,efforts
4219,pay
4220,steal
4221,hatter
4222,spruce
4223,nicaragua
4224,cristobal
4225,volcano
4226,barrels
4227,sealed
4228,plaintain
4229,salon
4230,papaya
4231,avenue
4232,creator
4233,woeke
4234,weylin
4235,madras
4236,concentrates
4237,experimental
4238,mai
4239,tai
4240,began
4241,location
4242,oakland
4243,victor
4244,bergeron
4245,founders
4246,wray
4247,nephew
4248,holland
4249,tahiti
4250,tahitian
4251,roa
4252,ae
4253,exclaimed
4254,sourced
4255,beachbum
4256,resource
4257,guarding
4258,competitors
4259,possibility
4260,shell
4261,malacca
4262,flip
4263,sought
4264,gone
4265,nicolas
4266,oliveira
4267,unavailable
4268,revisit
4269,vermouthjuice
4270,mamie
4271,taylor
4272,opera
4273,singer
4274,rochester
4275,request
4276,cooler
4277,fizzled
4278,reappeared
4279,nevertheless
4280,saving
4281,resemblance
4282,global
4283,bottles
4284,spy
4285,plump
4286,peppers
4287,fold
4288,sparingly
4289,unpalatable
4290,salvage
4291,trust
4292,oldest
4293,deciding
4294,redefined
4295,grouping
4296,promises
4297,demonstrates
4298,rejuvenate
4299,tuthilltown
4300,artisanal
4301,glory
4302,modifier
4303,engaging
4304,hudson
4305,justify
4306,question
4307,leave
4308,bare
4309,figaro
4310,fig
4311,spicing
4312,holding
4313,cardamaro
4314,cardoon
4315,blessed
4316,thistle
4317,dram
4318,connoisseur
4319,spurred
4320,ending
4321,discussion
4322,adjusting
4323,devoted
4324,connoisseurs
4325,pickford
4326,monumental
4327,beginning
4328,petite
4329,played
4330,boys
4331,instrumental
4332,forming
4333,artists
4334,studio
4335,coquette
4336,fled
4337,sweetens
4338,massey
4339,steeped
4340,exceptional
4341,portland
4342,jacob
4343,grier
4344,grandmother
4345,mastermix
4346,bombs
4347,bulls
4348,bounty
4349,slushy
4350,wash
4351,roughly
4352,flesh
4353,cloudy
4354,thematic
4355,seductive
4356,belies
4357,cucumbers
4358,barbecues
4359,crystallized
4360,accompaniment
4361,salad
4362,hunt
4363,bets
4364,merry
4365,fruitiness
4366,harvard
4367,tend
4368,obsolete
4369,kurant
4370,mexi
4371,oranje
4372,travel
4373,coast
4374,hike
4375,michelada
4376,chelada
4377,customized
4378,micheladas
4379,soy
4380,midnight
4381,caffeine
4382,snowstorm
4383,harsher
4384,mile
4385,loose
4386,resembles
4387,dynamic
4388,accentuate
4389,missed
4390,constantly
4391,million
4392,dollar
4393,specified
4394,opposing
4395,credits
4396,ngiam
4397,tong
4398,boon
4399,singapore
4400,historians
4401,lean
4402,toward
4403,cost
4404,millionaire
4405,trying
4406,stood
4407,tests
4408,cradock
4409,lead
4410,confusion
4411,chocochata
4412,overbearing
4413,remotely
4414,saturday
4415,juleps
4416,churchill
4417,downs
4418,pewter
4419,maintain
4420,optimum
4421,frost
4422,requirement
4423,mistletoe
4424,hanging
4425,ceiling
4426,mochatini
4427,mocha
4428,vanilia
4429,risen
4430,beginner
4431,imaginable
4432,halves
4433,sordid
4434,explains
4435,phenomenal
4436,subtlety
4437,slightest
4438,attitude
4439,tenders
4440,span
4441,spectrum
4442,overload
4443,measuring
4444,moroccan
4445,thie
4446,charbay
4447,alchemy
4448,contrasts
4449,massive
4450,mimics
4451,mounds
4452,fairly
4453,complementing
4454,richer
4455,mrs
4456,claus
4457,wildside
4458,x
4459,rated
4460,fusion
4461,cabo
4462,wabo
4463,rebuttal
4464,election
4465,le
4466,mudslide
4467,lowballs
4468,dairy
4469,return
4470,cabernet
4471,sauvignon
4472,zinfandel
4473,heads
4474,noilly
4475,prat
4476,napoleon
4477,mariner
4478,shelves
4479,belvedere
4480,dismay
4481,loyal
4482,brinley
4483,shipwreck
4484,offered
4485,welcomed
4486,navy
4487,grog
4488,passed
4489,misinterpreted
4490,personalized
4491,refreshment
4492,british
4493,sailors
4494,preserve
4495,stored
4496,ship
4497,vitamins
4498,fight
4499,diseases
4500,scurvy
4501,stem
4502,movement
4503,conception
4504,listing
4505,bitterness
4506,stops
4507,visit
4508,england
4509,bounce
4510,sporting
4511,patriots
4512,fear
4513,action
4514,elit
4515,debating
4516,search
4517,ramos
4518,mardi
4519,gras
4520,demand
4521,hurts
4522,straw
4523,fleurs
4524,cap
4525,norina
4526,lines
4527,yukon
4528,aptly
4529,pb
4530,charming
4531,prestige
4532,assured
4533,flavorless
4534,monk
4535,obituary
4536,tame
4537,perilous
4538,warning
4539,stellar
4540,brilliance
4541,rediscovering
4542,lone
4543,approachable
4544,thyme
4545,grissinger
4546,levels
4547,eventually
4548,traditionalist
4549,bridegroom
4550,commentary
4551,feeling
4552,acidity
4553,sherbet
4554,significantly
4555,salmon
4556,salads
4557,springy
4558,plunge
4559,bucket
4560,prepped
4561,julienned
4562,oriental
4563,hail
4564,east
4565,orient
4566,engineer
4567,stationed
4568,philippines
4569,gentleman
4570,died
4571,gave
4572,saved
4573,token
4574,tipple
4575,rittenhouse
4576,packers
4577,superbowl
4578,xlv
4579,took
4580,title
4581,pittsburgh
4582,steelers
4583,fought
4584,continue
4585,win
4586,misguided
4587,labeled
4588,bulk
4589,thirsts
4590,fanatics
4591,chicken
4592,wings
4593,yield
4594,devote
4595,painkiller
4596,sunny
4597,strength
4598,patrolled
4599,seas
4600,daily
4601,ration
4602,quenching
4603,smoothest
4604,befitting
4605,dove
4606,paradise
4607,precursor
4608,bridging
4609,gap
4610,ted
4611,haigh
4612,cuisine
4613,splashes
4614,backing
4615,guessed
4616,tangy
4617,concentrated
4618,desired
4619,juicer
4620,staples
4621,tght
4622,towards
4623,paulista
4624,experiences
4625,understanding
4626,izze
4627,sinks
4628,center
4629,stopping
4630,comprised
4631,melts
4632,heaviness
4633,icing
4634,trusty
4635,sprinkled
4636,spiraled
4637,guru
4638,sprightly
4639,reasonably
4640,priced
4641,boring
4642,jonny
4643,cimone
4644,manager
4645,farmer
4646,specializes
4647,soul
4648,mostly
4649,complemented
4650,flawlessly
4651,bosc
4652,harbor
4653,draw
4654,peartini
4655,wintertime
4656,unflavored
4657,peary
4658,looked
4659,pegu
4660,burma
4661,myanmar
4662,renewed
4663,regaining
4664,deserve
4665,peppermelon
4666,leftover
4667,mill
4668,bluecoat
4669,inundated
4670,caliber
4671,myths
4672,loves
4673,storm
4674,temporary
4675,astounding
4676,wimbledon
4677,oyster
4678,stimulating
4679,sage
4680,north
4681,ambassador
4682,hayward
4683,binding
4684,disastrous
4685,overzealous
4686,burn
4687,tested
4688,sadlemire
4689,wequassett
4690,resort
4691,chatham
4692,massachusetts
4693,brugal
4694,perspective
4695,elephant
4696,animal
4697,fondness
4698,infatuated
4699,flamingo
4700,treatment
4701,pahit
4702,sailing
4703,somerset
4704,maugham
4705,malay
4706,distinctive
4707,barenjager
4708,barenjaeger
4709,omitting
4710,squirrel
4711,progressed
4712,harder
4713,noyaux
4714,hope
4715,palates
4716,evolved
4717,peruvian
4718,peru
4719,concerns
4720,count
4721,rupert
4722,holmes
4723,song
4724,escape
4725,lug
4726,plantation
4727,tuned
4728,cassidy
4729,mozart
4730,expressions
4731,seco
4732,oro
4733,yr
4734,planter
4735,origin
4736,disputed
4737,tells
4738,workers
4739,playoff
4740,baseball
4741,postseason
4742,games
4743,heating
4744,yankees
4745,bid
4746,cheering
4747,tommy
4748,pop
4749,gotten
4750,plumdog
4751,obvious
4752,slumdog
4753,freeman
4754,poppy
4755,plums
4756,umeshu
4757,poinsettia
4758,fuss
4759,westplate
4760,universally
4761,bittercube
4762,bark
4763,scrappy
4764,polished
4765,princess
4766,sobieski
4767,vine
4768,focused
4769,shy
4770,piney
4771,bolder
4772,pomegranates
4773,digging
4774,arils
4775,intense
4776,reading
4777,kicks
4778,gem
4779,presbyterian
4780,clarity
4781,cookout
4782,welcome
4783,opuntia
4784,plants
4785,capture
4786,prohibidos
4787,effective
4788,corrido
4789,tapped
4790,cravings
4791,tingling
4792,die
4793,rotate
4794,seasonally
4795,calabatini
4796,ouncepumpkin
4797,boxer
4798,finch
4799,grocery
4800,pursuit
4801,celebratory
4802,vernor
4803,contain
4804,resembled
4805,narrow
4806,soundtrack
4807,queue
4808,jimi
4809,hendrix
4810,chemistry
4811,vampire
4812,intensifies
4813,viking
4814,random
4815,raspberita
4816,simplistic
4817,junior
4818,merino
4819,distilling
4820,chambordmint
4821,carney
4822,manzanilla
4823,napa
4824,spill
4825,raven
4826,colorful
4827,attempt
4828,layering
4829,self
4830,proclaimed
4831,related
4832,dancing
4833,belly
4834,baja
4835,simpler
4836,carpet
4837,oval
4838,entertainment
4839,differentiates
4840,skewered
4841,gore
4842,heels
4843,distilleries
4844,venture
4845,endeavor
4846,sangrita
4847,perfected
4848,subtracting
4849,bell
4850,shortcake
4851,sample
4852,uncommon
4853,integral
4854,continually
4855,inspire
4856,renditions
4857,nectarines
4858,traverse
4859,growing
4860,selection
4861,afraid
4862,nectarine
4863,rhett
4864,butler
4865,wind
4866,scarlet
4867,hara
4868,belle
4869,rhubarb
4870,underrated
4871,nolet
4872,advance
4873,lemonades
4874,instruction
4875,rhyme
4876,sean
4877,kenyon
4878,steuben
4879,notch
4880,gentler
4881,robert
4882,burns
4883,age
4884,scottish
4885,poet
4886,cigar
4887,salesman
4888,birthday
4889,libation
4890,timey
4891,ails
4892,dipped
4893,commercially
4894,ryes
4895,horehound
4896,aid
4897,digestion
4898,string
4899,lobster
4900,floated
4901,adventures
4902,certified
4903,michigan
4904,cleanest
4905,alaskan
4906,review
4907,fresa
4908,caliente
4909,cease
4910,amaze
4911,cholula
4912,pantry
4913,undrinkable
4914,mineral
4915,sauceclub
4916,rooster
4917,sarsaparilla
4918,grit
4919,remake
4920,cogburn
4921,western
4922,sudsy
4923,kosher
4924,intention
4925,kirschwasser
4926,kirsch
4927,eau
4928,gardens
4929,amid
4930,blossoms
4931,anniversary
4932,partner
4933,present
4934,bud
4935,extravagant
4936,dozen
4937,newer
4938,obtained
4939,petal
4940,elegantly
4941,conveniently
4942,clos
4943,du
4944,bois
4945,hidden
4946,entertain
4947,closely
4948,te
4949,brewing
4950,accustomed
4951,wondered
4952,beet
4953,doubted
4954,krueger
4955,brooklyn
4956,patrons
4957,bored
4958,specialties
4959,acquire
4960,cutty
4961,sark
4962,adistinct
4963,beets
4964,veggie
4965,bugs
4966,rising
4967,ensures
4968,sufficiently
4969,worse
4970,receives
4971,attest
4972,runner
4973,islamorada
4974,florida
4975,journey
4976,malibu
4977,rustic
4978,bridge
4979,watrous
4980,leopold
4981,wasting
4982,regard
4983,mekhong
4984,sabai
4985,thai
4986,thailand
4987,seeking
4988,sultry
4989,saketini
4990,nuance
4991,rice
4992,contribute
4993,invert
4994,swap
4995,thrifty
4996,dispute
4997,hefty
4998,brian
4999,mcgregor
5000,wingtip
5001,italic
5002,post
5003,hostess
5004,imagination
5005,alpine
5006,affair
5007,saratoga
5008,satan
5009,whiskers
5010,taller
5011,ominous
5012,innocent
5013,dated
5014,famously
5015,playing
5016,sazerac
5017,varying
5018,opinions
5019,regarding
5020,genteel
5021,mason
5022,dixon
5023,scorpion
5024,subtracted
5025,multiplied
5026,alike
5027,scorpions
5028,okolehao
5029,trips
5030,mainland
5031,garnishing
5032,gardenia
5033,humble
5034,gardenias
5035,destroying
5036,smoother
5037,keen
5038,touchier
5039,screaming
5040,exist
5041,sixth
5042,prank
5043,plot
5044,malone
5045,selling
5046,wayne
5047,claimed
5048,challenged
5049,walks
5050,pretending
5051,guzzling
5052,orders
5053,stumped
5054,woody
5055,mention
5056,bruised
5057,somewhere
5058,seven
5059,seagram
5060,shadowy
5061,spotlight
5062,lately
5063,bank
5064,spread
5065,provocative
5066,variables
5067,shamrock
5068,provided
5069,shamrocker
5070,plata
5071,formulas
5072,scale
5073,celebrating
5074,shandy
5075,personalize
5076,lager
5077,ales
5078,hoppy
5079,ipas
5080,define
5081,differently
5082,brewers
5083,america
5084,spawned
5085,cobblers
5086,misrepresents
5087,shiso
5088,perilla
5089,parsley
5090,grocers
5091,specialize
5092,international
5093,yuzu
5094,destroy
5095,intended
5096,sangrias
5097,seedless
5098,raffles
5099,disparities
5100,begun
5101,decade
5102,grown
5103,dug
5104,skeleton
5105,corner
5106,realm
5107,diluted
5108,skeletons
5109,closet
5110,kitschy
5111,marvin
5112,monteleone
5113,screw
5114,modify
5115,measurement
5116,smith
5117,kearns
5118,gerbert
5119,shorty
5120,doebber
5121,oilmen
5122,regulars
5123,curran
5124,distorted
5125,loud
5126,caused
5127,misheard
5128,helped
5129,combo
5130,wesson
5131,smoked
5132,grouse
5133,smoke
5134,similarly
5135,smokier
5136,sneaky
5137,pete
5138,depends
5139,dilute
5140,snickertini
5141,snickers
5142,currently
5143,decoration
5144,snow
5145,applegreen
5146,frothiness
5147,plash
5148,spikes
5149,courvoisier
5150,moderately
5151,embellishment
5152,snowshoe
5153,lemongrass
5154,sombrero
5155,somrus
5156,newby
5157,spiciest
5158,curries
5159,fizzy
5160,seemingly
5161,immersion
5162,shortcut
5163,arms
5164,workout
5165,latter
5166,starters
5167,kids
5168,strains
5169,lined
5170,harlem
5171,rested
5172,speranza
5173,rosso
5174,fighting
5175,horchata
5176,peligroso
5177,naren
5178,avoids
5179,undefined
5180,camarena
5181,nonseasonal
5182,frequently
5183,spider
5184,details
5185,webs
5186,dripping
5187,surrounding
5188,sight
5189,applying
5190,webbing
5191,kappeler
5192,gomme
5193,opens
5194,ouncesmakers
5195,ouncesapple
5196,teaspoonground
5197,awaits
5198,evenly
5199,benedict
5200,crepes
5201,asparagus
5202,mushroom
5203,quiche
5204,wall
5205,fence
5206,chosen
5207,cask
5208,berryoska
5209,amazingly
5210,refreshingly
5211,picnics
5212,revenge
5213,breast
5214,cancer
5215,awareness
5216,month
5217,october
5218,uninhibited
5219,temperatures
5220,rise
5221,whipping
5222,future
5223,drag
5224,linger
5225,develops
5226,commodity
5227,leftovers
5228,stems
5229,tossing
5230,influence
5231,relaxed
5232,oddly
5233,throws
5234,pleasantly
5235,wondering
5236,surfer
5237,conjures
5238,scenarios
5239,constant
5240,tames
5241,infamous
5242,synonymous
5243,backbone
5244,caraway
5245,kummel
5246,pimento
5247,swamp
5248,plasma
5249,gelatin
5250,move
5251,alex
5252,straus
5253,suite
5254,shangri
5255,excite
5256,meat
5257,suspect
5258,virginia
5259,cocktailian
5260,todd
5261,thrasher
5262,prevalent
5263,nut
5264,pecan
5265,quarts
5266,jolt
5267,tamarind
5268,sauza
5269,tajin
5270,seasoning
5271,zesty
5272,rimmer
5273,reposados
5274,jumex
5275,aisle
5276,wet
5277,tangerine
5278,tangerines
5279,november
5280,fancier
5281,liven
5282,incredible
5283,customizable
5284,steeping
5285,unfrozen
5286,mimicking
5287,hues
5288,dawn
5289,sunset
5290,tequiliano
5291,tequilliano
5292,influential
5293,eddy
5294,buckingham
5295,proved
5296,farm
5297,amontillado
5298,eggy
5299,rests
5300,partida
5301,total
5302,six
5303,busy
5304,surely
5305,mouthwatering
5306,tickled
5307,suggestive
5308,freeing
5309,concentrate
5310,endeavors
5311,toffee
5312,truer
5313,explorer
5314,coating
5315,refrigerated
5316,visitors
5317,potassium
5318,bitartrate
5319,tartar
5320,softened
5321,belongs
5322,tomojito
5323,tomatoes
5324,update
5325,carbonated
5326,tornado
5327,impression
5328,tornados
5329,whirling
5330,twister
5331,flying
5332,debris
5333,power
5334,addicting
5335,energetic
5336,trojan
5337,uk
5338,trophy
5339,unexpected
5340,roca
5341,sold
5342,price
5343,tully
5344,yo
5345,magners
5346,sticking
5347,rethinking
5348,son
5349,legendary
5350,upgrading
5351,oxley
5352,tuscan
5353,tuxedo
5354,chic
5355,tie
5356,measured
5357,twentieth
5358,foil
5359,genius
5360,truck
5361,william
5362,tarling
5363,compilation
5364,shout
5365,fixture
5366,oddities
5367,suspects
5368,crunchy
5369,draught
5370,oakheart
5371,crumbles
5372,bluest
5373,represented
5374,flirty
5375,valencia
5376,spain
5377,ditch
5378,birth
5379,scary
5380,finlandia
5381,boot
5382,libations
5383,resemble
5384,smoothness
5385,starbucks
5386,contrary
5387,velvety
5388,veev
5389,treetini
5390,acai
5391,stingaree
5392,omnia
5393,acerola
5394,vegan
5395,tofu
5396,soymilk
5397,eggless
5398,firm
5399,silken
5400,turbinado
5401,sucanat
5402,alternate
5403,tia
5404,notoriety
5405,vertigo
5406,treated
5407,intrigue
5408,comparison
5409,bland
5410,vesper
5411,recognize
5412,ian
5413,fleming
5414,purely
5415,fictional
5416,agent
5417,devotee
5418,er
5419,gordon
5420,alludes
5421,lingerie
5422,fraises
5423,vieux
5424,carre
5425,voh
5426,eh
5427,stray
5428,sorbet
5429,sorbets
5430,lunch
5431,courses
5432,owes
5433,steam
5434,allowing
5435,coats
5436,ward
5437,assumed
5438,locke
5439,ober
5440,agreed
5441,upon
5442,sushi
5443,providing
5444,delighted
5445,gained
5446,classy
5447,wassail
5448,families
5449,carolers
5450,wassailing
5451,groups
5452,wassails
5453,considerable
5454,whites
5455,waterloo
5456,attributed
5457,lucas
5458,picnic
5459,pound
5460,rind
5461,distinctly
5462,playful
5463,vehicle
5464,bound
5465,citrusy
5466,tool
5467,tweak
5468,revisiting
5469,status
5470,horseracing
5471,chocolates
5472,tarts
5473,egginess
5474,ask
5475,bought
5476,hustling
5477,laurent
5478,tourondel
5479,blt
5480,restaurants
5481,cookbook
5482,mathilde
5483,reworked
5484,grigio
5485,squeezes
5486,russians
5487,fed
5488,germany
5489,spritzer
5490,enhancements
5491,bridal
5492,reintroduction
5493,scarce
5494,seasonality
5495,sachet
5496,mulling
5497,summery
5498,brighter
5499,woo
5500,finally
5501,yaka
5502,hula
5503,hickey
5504,dula
5505,getaways
5506,customarily
5507,beaches
5508,birds
5509,submarine
5510,thinking
5511,surface
5512,zombie
5513,unearthed
5514,jeff
5515,wrote
5516,sippin
5517,safari
5518,context
5519,tartz
